"unit_number","user_email","tower","lantai","unit"
"A-1-14","Keeley.Kuhic84@yahoo.com","A","1","14"
"A-1-18","Ashton97@hotmail.com","A","1","18"
"A-1-22","Ollie.Wilderman@hotmail.com","A","1","22"
"A-1-24","pkj@gmail.com","A","1","24"
"A-1-28","Ollie.Wilderman@hotmail.com","A","1","28"
"A-1-29","Boris99@hotmail.com","A","1","29"
"A-1-30","Ashton97@hotmail.com","A","1","30"
"A-1-4","Paula91@yahoo.com","A","1","4"
"A-1-5","Hortense.Crona@gmail.com","A","1","5"
"A-1-8","Bell_Pouros-Dach2@yahoo.com","A","1","8"
"A-10-12","Edwin.Bosco@gmail.com","A","10","12"
"A-10-18","Percy.Steuber@gmail.com","A","10","18"
"A-10-23","Tyree5@gmail.com","A","10","23"
"A-10-25","Ryder8@hotmail.com","A","10","25"
"A-10-3","Ena_Hartmann34@gmail.com","A","10","3"
"A-10-30","Ryder8@hotmail.com","A","10","30"
"A-10-4","Percy.Steuber@gmail.com","A","10","4"
"A-10-5","Shaun94@gmail.com","A","10","5"
"A-10-9","Percy.Steuber@gmail.com","A","10","9"
"A-11-17","Alia15@hotmail.com","A","11","17"
"A-11-19","Angeline.Ankunding@gmail.com","A","11","19"
"A-11-20","Rory.Hane-Hayes20@hotmail.com","A","11","20"
"A-11-21","Bell_Pouros-Dach2@yahoo.com","A","11","21"
"A-11-22","Seamus79@gmail.com","A","11","22"
"A-11-29","Ryder8@hotmail.com","A","11","29"
"A-11-4","p3srs@gmail.com","A","11","4"
"A-11-8","Shana.Metz@hotmail.com","A","11","8"
"A-12-1","Carmella66@gmail.com","A","12","1"
"A-12-14","Amy_Kuhn34@hotmail.com","A","12","14"
"A-12-15","Ena_Hartmann34@gmail.com","A","12","15"
"A-12-17","Angeline.Ankunding@gmail.com","A","12","17"
"A-12-18","April39@gmail.com","A","12","18"
"A-12-20","Tyree5@gmail.com","A","12","20"
"A-12-21","Shaun94@gmail.com","A","12","21"
"A-12-23","Shane54@gmail.com","A","12","23"
"A-12-25","Seamus79@gmail.com","A","12","25"
"A-13-11","Vladimir58@yahoo.com","A","13","11"
"A-13-14","Carmella66@gmail.com","A","13","14"
"A-13-15","Shaun94@gmail.com","A","13","15"
"A-13-24","Shaun94@gmail.com","A","13","24"
"A-13-26","Moriah.Will73@yahoo.com","A","13","26"
"A-14-14","Jaime.Murazik28@hotmail.com","A","14","14"
"A-14-19","Shane54@gmail.com","A","14","19"
"A-14-24","Onie87@hotmail.com","A","14","24"
"A-14-28","Ashton97@hotmail.com","A","14","28"
"A-14-30","Felton.Schamberger@yahoo.com","A","14","30"
"A-14-4","Felton.Schamberger@yahoo.com","A","14","4"
"A-14-9","Laverne.Schaefer@hotmail.com","A","14","9"
"A-15-18","Jalon31@yahoo.com","A","15","18"
"A-15-19","Tanya.Effertz-Hane@hotmail.com","A","15","19"
"A-15-22","Ena_Hartmann34@gmail.com","A","15","22"
"A-15-29","Dejuan5@yahoo.com","A","15","29"
"A-15-5","Paula91@yahoo.com","A","15","5"
"A-16-13","Keeley.Kuhic84@yahoo.com","A","16","13"
"A-16-14","Troy_Cruickshank@gmail.com","A","16","14"
"A-16-21","Angeline.Ankunding@gmail.com","A","16","21"
"A-16-22","Moriah.Will73@yahoo.com","A","16","22"
"A-16-3","Carmella66@gmail.com","A","16","3"
"A-16-8","Ollie.Wilderman@hotmail.com","A","16","8"
"A-17-22","Anabelle67@hotmail.com","A","17","22"
"A-17-28","Tanya.Effertz-Hane@hotmail.com","A","17","28"
"A-17-3","Houston.Labadie@gmail.com","A","17","3"
"A-17-9","Tanya.Effertz-Hane@hotmail.com","A","17","9"
"A-18-1","p3srs@gmail.com","A","18","1"
"A-18-2","Donavon77@gmail.com","A","18","2"
"A-18-21","April39@gmail.com","A","18","21"
"A-18-24","Irwin.Runolfsdottir49@hotmail.com","A","18","24"
"A-18-25","Shane54@gmail.com","A","18","25"
"A-18-26","Shaun94@gmail.com","A","18","26"
"A-18-7","Onie87@hotmail.com","A","18","7"
"A-19-11","Seamus79@gmail.com","A","19","11"
"A-19-15","Paula91@yahoo.com","A","19","15"
"A-19-19","Robyn48@hotmail.com","A","19","19"
"A-19-22","Amy_Kuhn34@hotmail.com","A","19","22"
"A-19-25","Earnestine.Dooley89@yahoo.com","A","19","25"
"A-19-27","Felton.Schamberger@yahoo.com","A","19","27"
"A-19-5","Laverne.Schaefer@hotmail.com","A","19","5"
"A-19-7","Boris99@hotmail.com","A","19","7"
"A-2-19","Robyn48@hotmail.com","A","2","19"
"A-2-2","Kian24@gmail.com","A","2","2"
"A-2-21","Luciano.Bogan98@gmail.com","A","2","21"
"A-2-27","Houston.Labadie@gmail.com","A","2","27"
"A-2-29","Seamus79@gmail.com","A","2","29"
"A-2-30","Houston.Labadie@gmail.com","A","2","30"
"A-2-8","Tyree5@gmail.com","A","2","8"
"A-2-9","Bell_Pouros-Dach2@yahoo.com","A","2","9"
"A-20-1","Nicola22@yahoo.com","A","20","1"
"A-20-10","Lisandro_Armstrong59@yahoo.com","A","20","10"
"A-20-12","Troy_Cruickshank@gmail.com","A","20","12"
"A-20-18","Houston.Labadie@gmail.com","A","20","18"
"A-20-19","Nicola22@yahoo.com","A","20","19"
"A-20-20","Earnestine.Dooley89@yahoo.com","A","20","20"
"A-20-28","Eveline71@gmail.com","A","20","28"
"A-20-29","Earnestine.Dooley89@yahoo.com","A","20","29"
"A-20-30","p3srs@gmail.com","A","20","30"
"A-20-4","Houston.Labadie@gmail.com","A","20","4"
"A-20-8","Luciano.Bogan98@gmail.com","A","20","8"
"A-20-9","Keeley.Kuhic84@yahoo.com","A","20","9"
"A-21-1","Seamus79@gmail.com","A","21","1"
"A-21-12","ketua_agen@gmail.com","A","21","12"
"A-21-14","Seamus79@gmail.com","A","21","14"
"A-21-24","Vladimir58@yahoo.com","A","21","24"
"A-21-25","Ollie.Wilderman@hotmail.com","A","21","25"
"A-21-29","Carmella66@gmail.com","A","21","29"
"A-21-4","Laverne.Schaefer@hotmail.com","A","21","4"
"A-21-5","Tyree5@gmail.com","A","21","5"
"A-21-9","Keeley.Kuhic84@yahoo.com","A","21","9"
"A-22-10","Ryder8@hotmail.com","A","22","10"
"A-22-12","Percy.Steuber@gmail.com","A","22","12"
"A-22-13","Hortense.Crona@gmail.com","A","22","13"
"A-22-18","Hortense.Crona@gmail.com","A","22","18"
"A-22-2","Lisandro_Armstrong59@yahoo.com","A","22","2"
"A-22-22","Ashton97@hotmail.com","A","22","22"
"A-22-23","Paula91@yahoo.com","A","22","23"
"A-22-27","Houston.Labadie@gmail.com","A","22","27"
"A-22-30","Seamus79@gmail.com","A","22","30"
"A-22-6","Laverne.Schaefer@hotmail.com","A","22","6"
"A-22-8","Earnestine.Dooley89@yahoo.com","A","22","8"
"A-23-15","Troy_Cruickshank@gmail.com","A","23","15"
"A-23-19","April39@gmail.com","A","23","19"
"A-23-20","Nicola22@yahoo.com","A","23","20"
"A-23-22","Percy.Steuber@gmail.com","A","23","22"
"A-23-24","Onie87@hotmail.com","A","23","24"
"A-23-25","Darrion_Wisoky41@hotmail.com","A","23","25"
"A-23-27","Laverne.Schaefer@hotmail.com","A","23","27"
"A-23-30","Ollie.Wilderman@hotmail.com","A","23","30"
"A-23-5","April39@gmail.com","A","23","5"
"A-23-6","Amy_Kuhn34@hotmail.com","A","23","6"
"A-24-10","Troy_Cruickshank@gmail.com","A","24","10"
"A-24-14","Shaun94@gmail.com","A","24","14"
"A-24-15","Edwin.Bosco@gmail.com","A","24","15"
"A-24-23","Armani68@yahoo.com","A","24","23"
"A-24-24","Nicola22@yahoo.com","A","24","24"
"A-24-3","Amy_Kuhn34@hotmail.com","A","24","3"
"A-25-11","Ian10@hotmail.com","A","25","11"
"A-25-12","Amy_Kuhn34@hotmail.com","A","25","12"
"A-25-13","Laverne.Schaefer@hotmail.com","A","25","13"
"A-25-16","Laverne.Schaefer@hotmail.com","A","25","16"
"A-25-22","Seamus79@gmail.com","A","25","22"
"A-25-28","Hortense.Crona@gmail.com","A","25","28"
"A-25-3","Paula91@yahoo.com","A","25","3"
"A-25-6","Alia15@hotmail.com","A","25","6"
"A-25-7","Jeffrey_Olson@gmail.com","A","25","7"
"A-3-11","Earnestine.Dooley89@yahoo.com","A","3","11"
"A-3-13","Houston.Labadie@gmail.com","A","3","13"
"A-3-19","Troy_Cruickshank@gmail.com","A","3","19"
"A-3-20","Carmella66@gmail.com","A","3","20"
"A-3-3","Hortense.Crona@gmail.com","A","3","3"
"A-3-5","Ian10@hotmail.com","A","3","5"
"A-4-10","Ena_Hartmann34@gmail.com","A","4","10"
"A-4-14","Shana.Metz@hotmail.com","A","4","14"
"A-4-18","Shane54@gmail.com","A","4","18"
"A-4-22","Jeffrey_Olson@gmail.com","A","4","22"
"A-4-26","Moriah.Will73@yahoo.com","A","4","26"
"A-4-30","Rory.Hane-Hayes20@hotmail.com","A","4","30"
"A-5-10","Anabelle67@hotmail.com","A","5","10"
"A-5-12","April39@gmail.com","A","5","12"
"A-5-17","Jalon31@yahoo.com","A","5","17"
"A-5-19","Angeline.Ankunding@gmail.com","A","5","19"
"A-5-2","pkj@gmail.com","A","5","2"
"A-5-21","Amy_Kuhn34@hotmail.com","A","5","21"
"A-5-24","ketua_agen@gmail.com","A","5","24"
"A-5-28","Seamus79@gmail.com","A","5","28"
"A-5-3","Boris99@hotmail.com","A","5","3"
"A-5-6","Edwin.Bosco@gmail.com","A","5","6"
"A-6-1","ketua_agen@gmail.com","A","6","1"
"A-6-12","Tyree5@gmail.com","A","6","12"
"A-6-19","Ian10@hotmail.com","A","6","19"
"A-6-2","Armani68@yahoo.com","A","6","2"
"A-6-25","Jaime.Murazik28@hotmail.com","A","6","25"
"A-6-27","Angeline.Ankunding@gmail.com","A","6","27"
"A-6-7","Earnestine.Dooley89@yahoo.com","A","6","7"
"A-6-9","Hortense.Crona@gmail.com","A","6","9"
"A-7-1","Eveline71@gmail.com","A","7","1"
"A-7-12","Moriah.Will73@yahoo.com","A","7","12"
"A-7-16","Ryder8@hotmail.com","A","7","16"
"A-7-2","Tanya.Effertz-Hane@hotmail.com","A","7","2"
"A-7-22","Houston.Labadie@gmail.com","A","7","22"
"A-7-4","April39@gmail.com","A","7","4"
"A-8-21","Tanya.Effertz-Hane@hotmail.com","A","8","21"
"A-8-26","Dejuan5@yahoo.com","A","8","26"
"A-8-30","Boris99@hotmail.com","A","8","30"
"A-9-10","Robyn48@hotmail.com","A","9","10"
"A-9-11","Irwin.Runolfsdottir49@hotmail.com","A","9","11"
"A-9-15","Jaime.Murazik28@hotmail.com","A","9","15"
"A-9-20","Kian24@gmail.com","A","9","20"
"A-9-21","Jaime.Murazik28@hotmail.com","A","9","21"
"A-9-28","Keeley.Kuhic84@yahoo.com","A","9","28"
"A-9-7","Edwin.Bosco@gmail.com","A","9","7"
"A-9-9","Ollie.Wilderman@hotmail.com","A","9","9"
"B-1-10","Onie87@hotmail.com","B","1","10"
"B-1-15","Paula91@yahoo.com","B","1","15"
"B-1-16","Angeline.Ankunding@gmail.com","B","1","16"
"B-1-17","Tanya.Effertz-Hane@hotmail.com","B","1","17"
"B-1-26","Yadira.Labadie22@yahoo.com","B","1","26"
"B-1-27","Ian10@hotmail.com","B","1","27"
"B-1-28","Laverne.Schaefer@hotmail.com","B","1","28"
"B-1-29","Hortense.Crona@gmail.com","B","1","29"
"B-1-6","Ena_Hartmann34@gmail.com","B","1","6"
"B-1-8","Paula91@yahoo.com","B","1","8"
"B-10-10","Lisandro_Armstrong59@yahoo.com","B","10","10"
"B-10-14","Bell_Pouros-Dach2@yahoo.com","B","10","14"
"B-10-16","pkj@gmail.com","B","10","16"
"B-10-19","Jeffrey_Olson@gmail.com","B","10","19"
"B-10-2","Amy_Kuhn34@hotmail.com","B","10","2"
"B-10-24","Nicola22@yahoo.com","B","10","24"
"B-10-27","pkj@gmail.com","B","10","27"
"B-10-28","Ena_Hartmann34@gmail.com","B","10","28"
"B-10-29","Shaun94@gmail.com","B","10","29"
"B-10-30","Shaun94@gmail.com","B","10","30"
"B-10-4","Armani68@yahoo.com","B","10","4"
"B-11-10","Mallory20@hotmail.com","B","11","10"
"B-11-14","Felton.Schamberger@yahoo.com","B","11","14"
"B-11-2","Anabelle67@hotmail.com","B","11","2"
"B-11-23","Hortense.Crona@gmail.com","B","11","23"
"B-11-24","Mallory20@hotmail.com","B","11","24"
"B-11-30","Boris99@hotmail.com","B","11","30"
"B-11-4","ketua_agen@gmail.com","B","11","4"
"B-11-7","Eveline71@gmail.com","B","11","7"
"B-11-8","p3srs@gmail.com","B","11","8"
"B-12-11","Irwin.Runolfsdottir49@hotmail.com","B","12","11"
"B-12-16","Renee92@gmail.com","B","12","16"
"B-12-22","Shane54@gmail.com","B","12","22"
"B-12-7","Amy_Kuhn34@hotmail.com","B","12","7"
"B-12-8","Vladimir58@yahoo.com","B","12","8"
"B-13-11","Vladimir58@yahoo.com","B","13","11"
"B-13-12","Alia15@hotmail.com","B","13","12"
"B-13-18","Luciano.Bogan98@gmail.com","B","13","18"
"B-13-19","Earnestine.Dooley89@yahoo.com","B","13","19"
"B-13-24","Dejuan5@yahoo.com","B","13","24"
"B-13-29","Tyree5@gmail.com","B","13","29"
"B-13-4","Donavon77@gmail.com","B","13","4"
"B-13-6","Mallory20@hotmail.com","B","13","6"
"B-13-7","Edwin.Bosco@gmail.com","B","13","7"
"B-13-9","Lisandro_Armstrong59@yahoo.com","B","13","9"
"B-14-16","Shane54@gmail.com","B","14","16"
"B-14-21","Lisandro_Armstrong59@yahoo.com","B","14","21"
"B-14-26","Hortense.Crona@gmail.com","B","14","26"
"B-14-27","ketua_agen@gmail.com","B","14","27"
"B-14-29","Jaime.Murazik28@hotmail.com","B","14","29"
"B-14-30","Jeffrey_Olson@gmail.com","B","14","30"
"B-14-6","ketua_agen@gmail.com","B","14","6"
"B-15-11","Tanya.Effertz-Hane@hotmail.com","B","15","11"
"B-15-13","Rory.Hane-Hayes20@hotmail.com","B","15","13"
"B-15-15","Jeffrey_Olson@gmail.com","B","15","15"
"B-15-19","Nicola22@yahoo.com","B","15","19"
"B-15-23","Jaime.Murazik28@hotmail.com","B","15","23"
"B-15-24","Houston.Labadie@gmail.com","B","15","24"
"B-15-27","Anabelle67@hotmail.com","B","15","27"
"B-15-28","Troy_Cruickshank@gmail.com","B","15","28"
"B-15-3","Rory.Hane-Hayes20@hotmail.com","B","15","3"
"B-15-7","Felton.Schamberger@yahoo.com","B","15","7"
"B-15-8","Darrion_Wisoky41@hotmail.com","B","15","8"
"B-15-9","Shana.Metz@hotmail.com","B","15","9"
"B-16-2","Luciano.Bogan98@gmail.com","B","16","2"
"B-16-21","Lisandro_Armstrong59@yahoo.com","B","16","21"
"B-16-24","Anabelle67@hotmail.com","B","16","24"
"B-17-10","Jeffrey_Olson@gmail.com","B","17","10"
"B-17-23","Seamus79@gmail.com","B","17","23"
"B-17-24","Eveline71@gmail.com","B","17","24"
"B-17-25","Armani68@yahoo.com","B","17","25"
"B-17-26","Eveline71@gmail.com","B","17","26"
"B-17-27","Tanya.Effertz-Hane@hotmail.com","B","17","27"
"B-17-30","Boris99@hotmail.com","B","17","30"
"B-17-5","Amy_Kuhn34@hotmail.com","B","17","5"
"B-17-9","Yadira.Labadie22@yahoo.com","B","17","9"
"B-18-12","Luciano.Bogan98@gmail.com","B","18","12"
"B-18-16","Donavon77@gmail.com","B","18","16"
"B-18-2","Jalon31@yahoo.com","B","18","2"
"B-18-24","Shane54@gmail.com","B","18","24"
"B-18-26","Ashton97@hotmail.com","B","18","26"
"B-18-28","Ryder8@hotmail.com","B","18","28"
"B-18-4","Paula91@yahoo.com","B","18","4"
"B-18-8","Kian24@gmail.com","B","18","8"
"B-18-9","Houston.Labadie@gmail.com","B","18","9"
"B-19-1","Moriah.Will73@yahoo.com","B","19","1"
"B-19-11","Felton.Schamberger@yahoo.com","B","19","11"
"B-19-16","Lisandro_Armstrong59@yahoo.com","B","19","16"
"B-19-17","Ena_Hartmann34@gmail.com","B","19","17"
"B-19-18","Laverne.Schaefer@hotmail.com","B","19","18"
"B-19-21","Armani68@yahoo.com","B","19","21"
"B-19-25","Earnestine.Dooley89@yahoo.com","B","19","25"
"B-19-26","Irwin.Runolfsdottir49@hotmail.com","B","19","26"
"B-19-6","Yadira.Labadie22@yahoo.com","B","19","6"
"B-19-8","Edwin.Bosco@gmail.com","B","19","8"
"B-2-15","Carmella66@gmail.com","B","2","15"
"B-2-16","pkj@gmail.com","B","2","16"
"B-2-17","Luciano.Bogan98@gmail.com","B","2","17"
"B-2-2","Luciano.Bogan98@gmail.com","B","2","2"
"B-2-24","Renee92@gmail.com","B","2","24"
"B-2-25","Jeffrey_Olson@gmail.com","B","2","25"
"B-2-26","pkj@gmail.com","B","2","26"
"B-2-8","Jalon31@yahoo.com","B","2","8"
"B-20-13","Seamus79@gmail.com","B","20","13"
"B-20-21","Rory.Hane-Hayes20@hotmail.com","B","20","21"
"B-20-23","Yadira.Labadie22@yahoo.com","B","20","23"
"B-20-28","Felton.Schamberger@yahoo.com","B","20","28"
"B-20-29","Bell_Pouros-Dach2@yahoo.com","B","20","29"
"B-20-4","Mallory20@hotmail.com","B","20","4"
"B-20-9","Moriah.Will73@yahoo.com","B","20","9"
"B-21-11","Kian24@gmail.com","B","21","11"
"B-21-16","Irwin.Runolfsdottir49@hotmail.com","B","21","16"
"B-21-17","Armani68@yahoo.com","B","21","17"
"B-21-4","Ollie.Wilderman@hotmail.com","B","21","4"
"B-21-9","Ena_Hartmann34@gmail.com","B","21","9"
"B-22-20","pkj@gmail.com","B","22","20"
"B-22-22","Keeley.Kuhic84@yahoo.com","B","22","22"
"B-22-23","Donavon77@gmail.com","B","22","23"
"B-22-29","Renee92@gmail.com","B","22","29"
"B-23-10","April39@gmail.com","B","23","10"
"B-23-17","Donavon77@gmail.com","B","23","17"
"B-23-18","Angeline.Ankunding@gmail.com","B","23","18"
"B-23-19","Shana.Metz@hotmail.com","B","23","19"
"B-23-21","Ena_Hartmann34@gmail.com","B","23","21"
"B-23-22","Shaun94@gmail.com","B","23","22"
"B-23-25","Tanya.Effertz-Hane@hotmail.com","B","23","25"
"B-23-27","Eveline71@gmail.com","B","23","27"
"B-23-3","Eveline71@gmail.com","B","23","3"
"B-23-4","Carmella66@gmail.com","B","23","4"
"B-23-9","Jeffrey_Olson@gmail.com","B","23","9"
"B-24-12","Angeline.Ankunding@gmail.com","B","24","12"
"B-24-16","Hortense.Crona@gmail.com","B","24","16"
"B-24-18","Ian10@hotmail.com","B","24","18"
"B-24-19","Boris99@hotmail.com","B","24","19"
"B-24-24","Tyree5@gmail.com","B","24","24"
"B-24-28","Amy_Kuhn34@hotmail.com","B","24","28"
"B-25-17","Kian24@gmail.com","B","25","17"
"B-25-26","Jalon31@yahoo.com","B","25","26"
"B-25-29","Darrion_Wisoky41@hotmail.com","B","25","29"
"B-25-3","Jaime.Murazik28@hotmail.com","B","25","3"
"B-25-4","Darrion_Wisoky41@hotmail.com","B","25","4"
"B-25-7","Luciano.Bogan98@gmail.com","B","25","7"
"B-25-8","Shaun94@gmail.com","B","25","8"
"B-25-9","pkj@gmail.com","B","25","9"
"B-3-11","Jalon31@yahoo.com","B","3","11"
"B-3-19","Jaime.Murazik28@hotmail.com","B","3","19"
"B-3-21","Anabelle67@hotmail.com","B","3","21"
"B-3-23","Rory.Hane-Hayes20@hotmail.com","B","3","23"
"B-3-26","Ian10@hotmail.com","B","3","26"
"B-3-27","Onie87@hotmail.com","B","3","27"
"B-3-28","Jeffrey_Olson@gmail.com","B","3","28"
"B-3-4","pkj@gmail.com","B","3","4"
"B-3-6","Vladimir58@yahoo.com","B","3","6"
"B-3-8","Renee92@gmail.com","B","3","8"
"B-4-12","April39@gmail.com","B","4","12"
"B-4-23","Yadira.Labadie22@yahoo.com","B","4","23"
"B-4-24","Keeley.Kuhic84@yahoo.com","B","4","24"
"B-4-25","Yadira.Labadie22@yahoo.com","B","4","25"
"B-4-27","Shane54@gmail.com","B","4","27"
"B-4-28","Irwin.Runolfsdottir49@hotmail.com","B","4","28"
"B-4-30","Ashton97@hotmail.com","B","4","30"
"B-4-5","Dejuan5@yahoo.com","B","4","5"
"B-4-9","Ashton97@hotmail.com","B","4","9"
"B-5-1","Edwin.Bosco@gmail.com","B","5","1"
"B-5-10","Laverne.Schaefer@hotmail.com","B","5","10"
"B-5-17","Edwin.Bosco@gmail.com","B","5","17"
"B-5-18","Robyn48@hotmail.com","B","5","18"
"B-5-22","Edwin.Bosco@gmail.com","B","5","22"
"B-5-3","Darrion_Wisoky41@hotmail.com","B","5","3"
"B-5-30","pkj@gmail.com","B","5","30"
"B-5-4","Keeley.Kuhic84@yahoo.com","B","5","4"
"B-5-5","Kian24@gmail.com","B","5","5"
"B-5-7","Percy.Steuber@gmail.com","B","5","7"
"B-5-9","Mallory20@hotmail.com","B","5","9"
"B-6-1","Boris99@hotmail.com","B","6","1"
"B-6-12","Ryder8@hotmail.com","B","6","12"
"B-6-17","ketua_agen@gmail.com","B","6","17"
"B-6-20","Percy.Steuber@gmail.com","B","6","20"
"B-6-23","Eveline71@gmail.com","B","6","23"
"B-6-3","Yadira.Labadie22@yahoo.com","B","6","3"
"B-6-6","Mallory20@hotmail.com","B","6","6"
"B-7-1","Ian10@hotmail.com","B","7","1"
"B-7-10","Shaun94@gmail.com","B","7","10"
"B-7-12","Seamus79@gmail.com","B","7","12"
"B-7-14","Darrion_Wisoky41@hotmail.com","B","7","14"
"B-7-15","Keeley.Kuhic84@yahoo.com","B","7","15"
"B-7-17","Keeley.Kuhic84@yahoo.com","B","7","17"
"B-7-20","Irwin.Runolfsdottir49@hotmail.com","B","7","20"
"B-7-29","Mallory20@hotmail.com","B","7","29"
"B-7-30","Paula91@yahoo.com","B","7","30"
"B-7-4","Shana.Metz@hotmail.com","B","7","4"
"B-7-5","Troy_Cruickshank@gmail.com","B","7","5"
"B-8-11","Amy_Kuhn34@hotmail.com","B","8","11"
"B-8-12","Carmella66@gmail.com","B","8","12"
"B-8-18","Ena_Hartmann34@gmail.com","B","8","18"
"B-8-27","Angeline.Ankunding@gmail.com","B","8","27"
"B-8-28","Ena_Hartmann34@gmail.com","B","8","28"
"B-8-3","Anabelle67@hotmail.com","B","8","3"
"B-8-30","Jaime.Murazik28@hotmail.com","B","8","30"
"B-8-6","Paula91@yahoo.com","B","8","6"
"B-9-11","Renee92@gmail.com","B","9","11"
"B-9-12","ketua_agen@gmail.com","B","9","12"
"B-9-13","Dejuan5@yahoo.com","B","9","13"
"B-9-20","Shane54@gmail.com","B","9","20"
"B-9-21","Irwin.Runolfsdottir49@hotmail.com","B","9","21"
"B-9-22","Ryder8@hotmail.com","B","9","22"
"B-9-26","Ashton97@hotmail.com","B","9","26"
"B-9-28","Moriah.Will73@yahoo.com","B","9","28"
"C-1-1","Ian10@hotmail.com","C","1","1"
"C-1-13","Ollie.Wilderman@hotmail.com","C","1","13"
"C-1-18","Irwin.Runolfsdottir49@hotmail.com","C","1","18"
"C-1-24","Jaime.Murazik28@hotmail.com","C","1","24"
"C-1-3","Jeffrey_Olson@gmail.com","C","1","3"
"C-1-30","Darrion_Wisoky41@hotmail.com","C","1","30"
"C-1-7","Anabelle67@hotmail.com","C","1","7"
"C-1-8","Lisandro_Armstrong59@yahoo.com","C","1","8"
"C-10-10","Jalon31@yahoo.com","C","10","10"
"C-10-23","Robyn48@hotmail.com","C","10","23"
"C-10-30","Alia15@hotmail.com","C","10","30"
"C-10-4","Hortense.Crona@gmail.com","C","10","4"
"C-10-6","Paula91@yahoo.com","C","10","6"
"C-11-10","Nicola22@yahoo.com","C","11","10"
"C-11-15","Alia15@hotmail.com","C","11","15"
"C-11-16","April39@gmail.com","C","11","16"
"C-11-3","Rory.Hane-Hayes20@hotmail.com","C","11","3"
"C-11-4","Bell_Pouros-Dach2@yahoo.com","C","11","4"
"C-11-6","ketua_agen@gmail.com","C","11","6"
"C-12-10","Edwin.Bosco@gmail.com","C","12","10"
"C-12-11","Anabelle67@hotmail.com","C","12","11"
"C-12-14","Ollie.Wilderman@hotmail.com","C","12","14"
"C-12-25","Armani68@yahoo.com","C","12","25"
"C-12-4","Jeffrey_Olson@gmail.com","C","12","4"
"C-13-14","Felton.Schamberger@yahoo.com","C","13","14"
"C-13-15","Vladimir58@yahoo.com","C","13","15"
"C-13-17","Renee92@gmail.com","C","13","17"
"C-13-2","Moriah.Will73@yahoo.com","C","13","2"
"C-13-21","Luciano.Bogan98@gmail.com","C","13","21"
"C-13-23","Jeffrey_Olson@gmail.com","C","13","23"
"C-13-25","pkj@gmail.com","C","13","25"
"C-13-3","Dejuan5@yahoo.com","C","13","3"
"C-14-15","Ollie.Wilderman@hotmail.com","C","14","15"
"C-14-19","Alia15@hotmail.com","C","14","19"
"C-14-2","Amy_Kuhn34@hotmail.com","C","14","2"
"C-14-21","Alia15@hotmail.com","C","14","21"
"C-14-28","Ashton97@hotmail.com","C","14","28"
"C-14-29","Percy.Steuber@gmail.com","C","14","29"
"C-14-6","Anabelle67@hotmail.com","C","14","6"
"C-14-8","Jalon31@yahoo.com","C","14","8"
"C-14-9","Dejuan5@yahoo.com","C","14","9"
"C-15-11","Jeffrey_Olson@gmail.com","C","15","11"
"C-15-12","April39@gmail.com","C","15","12"
"C-15-2","Donavon77@gmail.com","C","15","2"
"C-15-21","Shana.Metz@hotmail.com","C","15","21"
"C-15-25","Laverne.Schaefer@hotmail.com","C","15","25"
"C-15-30","Troy_Cruickshank@gmail.com","C","15","30"
"C-15-6","Felton.Schamberger@yahoo.com","C","15","6"
"C-16-1","Troy_Cruickshank@gmail.com","C","16","1"
"C-16-10","Ryder8@hotmail.com","C","16","10"
"C-16-13","Hortense.Crona@gmail.com","C","16","13"
"C-16-17","Moriah.Will73@yahoo.com","C","16","17"
"C-16-18","Jaime.Murazik28@hotmail.com","C","16","18"
"C-16-23","Laverne.Schaefer@hotmail.com","C","16","23"
"C-16-25","Luciano.Bogan98@gmail.com","C","16","25"
"C-16-27","Onie87@hotmail.com","C","16","27"
"C-16-29","Rory.Hane-Hayes20@hotmail.com","C","16","29"
"C-16-3","Kian24@gmail.com","C","16","3"
"C-16-30","Yadira.Labadie22@yahoo.com","C","16","30"
"C-17-1","Bell_Pouros-Dach2@yahoo.com","C","17","1"
"C-17-11","Rory.Hane-Hayes20@hotmail.com","C","17","11"
"C-17-15","Shaun94@gmail.com","C","17","15"
"C-17-16","Earnestine.Dooley89@yahoo.com","C","17","16"
"C-17-17","Donavon77@gmail.com","C","17","17"
"C-17-18","Luciano.Bogan98@gmail.com","C","17","18"
"C-17-2","pkj@gmail.com","C","17","2"
"C-17-20","Carmella66@gmail.com","C","17","20"
"C-17-22","Nicola22@yahoo.com","C","17","22"
"C-17-24","Dejuan5@yahoo.com","C","17","24"
"C-17-26","Mallory20@hotmail.com","C","17","26"
"C-17-27","Mallory20@hotmail.com","C","17","27"
"C-17-28","Alia15@hotmail.com","C","17","28"
"C-18-10","Ian10@hotmail.com","C","18","10"
"C-18-15","p3srs@gmail.com","C","18","15"
"C-18-17","Renee92@gmail.com","C","18","17"
"C-18-19","Boris99@hotmail.com","C","18","19"
"C-18-20","Renee92@gmail.com","C","18","20"
"C-18-21","Armani68@yahoo.com","C","18","21"
"C-18-22","Eveline71@gmail.com","C","18","22"
"C-18-23","Darrion_Wisoky41@hotmail.com","C","18","23"
"C-18-24","Alia15@hotmail.com","C","18","24"
"C-18-25","Darrion_Wisoky41@hotmail.com","C","18","25"
"C-18-26","Percy.Steuber@gmail.com","C","18","26"
"C-18-27","Ian10@hotmail.com","C","18","27"
"C-18-29","Shana.Metz@hotmail.com","C","18","29"
"C-18-4","Keeley.Kuhic84@yahoo.com","C","18","4"
"C-18-6","p3srs@gmail.com","C","18","6"
"C-19-11","Amy_Kuhn34@hotmail.com","C","19","11"
"C-19-12","Jalon31@yahoo.com","C","19","12"
"C-19-15","Felton.Schamberger@yahoo.com","C","19","15"
"C-19-21","Onie87@hotmail.com","C","19","21"
"C-19-22","Seamus79@gmail.com","C","19","22"
"C-19-23","Earnestine.Dooley89@yahoo.com","C","19","23"
"C-19-24","Shaun94@gmail.com","C","19","24"
"C-19-29","Tanya.Effertz-Hane@hotmail.com","C","19","29"
"C-19-6","April39@gmail.com","C","19","6"
"C-2-18","Rory.Hane-Hayes20@hotmail.com","C","2","18"
"C-2-23","ketua_agen@gmail.com","C","2","23"
"C-2-30","Troy_Cruickshank@gmail.com","C","2","30"
"C-2-4","Alia15@hotmail.com","C","2","4"
"C-2-7","Edwin.Bosco@gmail.com","C","2","7"
"C-20-1","Troy_Cruickshank@gmail.com","C","20","1"
"C-20-11","Laverne.Schaefer@hotmail.com","C","20","11"
"C-20-12","Keeley.Kuhic84@yahoo.com","C","20","12"
"C-20-21","Onie87@hotmail.com","C","20","21"
"C-20-23","Jaime.Murazik28@hotmail.com","C","20","23"
"C-20-25","Irwin.Runolfsdottir49@hotmail.com","C","20","25"
"C-20-4","Darrion_Wisoky41@hotmail.com","C","20","4"
"C-20-7","Dejuan5@yahoo.com","C","20","7"
"C-20-9","Ashton97@hotmail.com","C","20","9"
"C-21-1","Lisandro_Armstrong59@yahoo.com","C","21","1"
"C-21-15","Paula91@yahoo.com","C","21","15"
"C-21-17","Boris99@hotmail.com","C","21","17"
"C-21-18","Percy.Steuber@gmail.com","C","21","18"
"C-21-20","Mallory20@hotmail.com","C","21","20"
"C-21-28","Carmella66@gmail.com","C","21","28"
"C-21-8","Houston.Labadie@gmail.com","C","21","8"
"C-22-1","Donavon77@gmail.com","C","22","1"
"C-22-10","Boris99@hotmail.com","C","22","10"
"C-22-11","Percy.Steuber@gmail.com","C","22","11"
"C-22-13","p3srs@gmail.com","C","22","13"
"C-22-15","p3srs@gmail.com","C","22","15"
"C-22-17","Robyn48@hotmail.com","C","22","17"
"C-22-21","Moriah.Will73@yahoo.com","C","22","21"
"C-22-22","Shane54@gmail.com","C","22","22"
"C-22-23","Onie87@hotmail.com","C","22","23"
"C-22-3","April39@gmail.com","C","22","3"
"C-22-30","Ryder8@hotmail.com","C","22","30"
"C-22-4","Ian10@hotmail.com","C","22","4"
"C-22-5","Keeley.Kuhic84@yahoo.com","C","22","5"
"C-23-10","p3srs@gmail.com","C","23","10"
"C-23-12","Bell_Pouros-Dach2@yahoo.com","C","23","12"
"C-23-17","Lisandro_Armstrong59@yahoo.com","C","23","17"
"C-23-20","Vladimir58@yahoo.com","C","23","20"
"C-23-27","Seamus79@gmail.com","C","23","27"
"C-23-29","Shana.Metz@hotmail.com","C","23","29"
"C-23-5","Shana.Metz@hotmail.com","C","23","5"
"C-23-6","Ashton97@hotmail.com","C","23","6"
"C-24-2","Nicola22@yahoo.com","C","24","2"
"C-24-20","Luciano.Bogan98@gmail.com","C","24","20"
"C-24-23","Irwin.Runolfsdottir49@hotmail.com","C","24","23"
"C-24-26","Ashton97@hotmail.com","C","24","26"
"C-24-3","Felton.Schamberger@yahoo.com","C","24","3"
"C-25-13","Renee92@gmail.com","C","25","13"
"C-25-15","Shana.Metz@hotmail.com","C","25","15"
"C-25-20","Laverne.Schaefer@hotmail.com","C","25","20"
"C-25-22","Angeline.Ankunding@gmail.com","C","25","22"
"C-25-23","Tanya.Effertz-Hane@hotmail.com","C","25","23"
"C-25-30","ketua_agen@gmail.com","C","25","30"
"C-25-9","Ashton97@hotmail.com","C","25","9"
"C-3-1","Shane54@gmail.com","C","3","1"
"C-3-20","Tanya.Effertz-Hane@hotmail.com","C","3","20"
"C-3-30","Dejuan5@yahoo.com","C","3","30"
"C-3-6","Moriah.Will73@yahoo.com","C","3","6"
"C-4-11","Percy.Steuber@gmail.com","C","4","11"
"C-4-13","Earnestine.Dooley89@yahoo.com","C","4","13"
"C-4-16","Yadira.Labadie22@yahoo.com","C","4","16"
"C-4-19","Carmella66@gmail.com","C","4","19"
"C-4-22","p3srs@gmail.com","C","4","22"
"C-4-23","Donavon77@gmail.com","C","4","23"
"C-4-26","Hortense.Crona@gmail.com","C","4","26"
"C-4-3","Robyn48@hotmail.com","C","4","3"
"C-4-4","Kian24@gmail.com","C","4","4"
"C-4-7","Troy_Cruickshank@gmail.com","C","4","7"
"C-5-1","Angeline.Ankunding@gmail.com","C","5","1"
"C-5-12","Onie87@hotmail.com","C","5","12"
"C-5-14","Shaun94@gmail.com","C","5","14"
"C-5-19","Robyn48@hotmail.com","C","5","19"
"C-5-29","Moriah.Will73@yahoo.com","C","5","29"
"C-5-3","ketua_agen@gmail.com","C","5","3"
"C-6-12","Shane54@gmail.com","C","6","12"
"C-6-14","April39@gmail.com","C","6","14"
"C-6-15","Onie87@hotmail.com","C","6","15"
"C-6-2","Amy_Kuhn34@hotmail.com","C","6","2"
"C-6-25","Bell_Pouros-Dach2@yahoo.com","C","6","25"
"C-6-26","Nicola22@yahoo.com","C","6","26"
"C-6-30","p3srs@gmail.com","C","6","30"
"C-6-6","Keeley.Kuhic84@yahoo.com","C","6","6"
"C-6-9","Jalon31@yahoo.com","C","6","9"
"C-7-1","Tanya.Effertz-Hane@hotmail.com","C","7","1"
"C-7-10","Mallory20@hotmail.com","C","7","10"
"C-7-11","Carmella66@gmail.com","C","7","11"
"C-7-13","Jalon31@yahoo.com","C","7","13"
"C-7-14","Tyree5@gmail.com","C","7","14"
"C-7-22","Felton.Schamberger@yahoo.com","C","7","22"
"C-7-27","Armani68@yahoo.com","C","7","27"
"C-7-3","Donavon77@gmail.com","C","7","3"
"C-8-16","Angeline.Ankunding@gmail.com","C","8","16"
"C-8-2","Renee92@gmail.com","C","8","2"
"C-8-24","Jeffrey_Olson@gmail.com","C","8","24"
"C-8-25","Luciano.Bogan98@gmail.com","C","8","25"
"C-8-27","Rory.Hane-Hayes20@hotmail.com","C","8","27"
"C-8-30","Tanya.Effertz-Hane@hotmail.com","C","8","30"
"C-8-9","Bell_Pouros-Dach2@yahoo.com","C","8","9"
"C-9-11","Eveline71@gmail.com","C","9","11"
"C-9-12","Mallory20@hotmail.com","C","9","12"
"C-9-19","Vladimir58@yahoo.com","C","9","19"
"C-9-8","Boris99@hotmail.com","C","9","8"
"D-1-2","Donavon77@gmail.com","D","1","2"
"D-1-20","Lisandro_Armstrong59@yahoo.com","D","1","20"
"D-1-24","Ollie.Wilderman@hotmail.com","D","1","24"
"D-1-25","Percy.Steuber@gmail.com","D","1","25"
"D-1-26","Earnestine.Dooley89@yahoo.com","D","1","26"
"D-1-3","Hortense.Crona@gmail.com","D","1","3"
"D-1-7","Alia15@hotmail.com","D","1","7"
"D-10-1","Felton.Schamberger@yahoo.com","D","10","1"
"D-10-12","Bell_Pouros-Dach2@yahoo.com","D","10","12"
"D-10-15","Nicola22@yahoo.com","D","10","15"
"D-10-2","Tyree5@gmail.com","D","10","2"
"D-10-23","Ena_Hartmann34@gmail.com","D","10","23"
"D-10-24","Kian24@gmail.com","D","10","24"
"D-10-25","Ollie.Wilderman@hotmail.com","D","10","25"
"D-10-28","ketua_agen@gmail.com","D","10","28"
"D-10-29","Robyn48@hotmail.com","D","10","29"
"D-10-4","Ollie.Wilderman@hotmail.com","D","10","4"
"D-11-12","Kian24@gmail.com","D","11","12"
"D-11-14","Jaime.Murazik28@hotmail.com","D","11","14"
"D-11-17","Lisandro_Armstrong59@yahoo.com","D","11","17"
"D-11-19","Shana.Metz@hotmail.com","D","11","19"
"D-11-20","Alia15@hotmail.com","D","11","20"
"D-11-25","Jaime.Murazik28@hotmail.com","D","11","25"
"D-11-28","Rory.Hane-Hayes20@hotmail.com","D","11","28"
"D-11-3","Armani68@yahoo.com","D","11","3"
"D-11-30","Angeline.Ankunding@gmail.com","D","11","30"
"D-11-5","Vladimir58@yahoo.com","D","11","5"
"D-11-7","Moriah.Will73@yahoo.com","D","11","7"
"D-12-1","Irwin.Runolfsdottir49@hotmail.com","D","12","1"
"D-12-13","Eveline71@gmail.com","D","12","13"
"D-12-17","Luciano.Bogan98@gmail.com","D","12","17"
"D-12-2","Rory.Hane-Hayes20@hotmail.com","D","12","2"
"D-12-27","Moriah.Will73@yahoo.com","D","12","27"
"D-12-9","Edwin.Bosco@gmail.com","D","12","9"
"D-13-12","Vladimir58@yahoo.com","D","13","12"
"D-13-16","Onie87@hotmail.com","D","13","16"
"D-13-18","Shana.Metz@hotmail.com","D","13","18"
"D-13-2","Houston.Labadie@gmail.com","D","13","2"
"D-13-25","Paula91@yahoo.com","D","13","25"
"D-13-26","Boris99@hotmail.com","D","13","26"
"D-13-30","Donavon77@gmail.com","D","13","30"
"D-13-8","Lisandro_Armstrong59@yahoo.com","D","13","8"
"D-14-1","pkj@gmail.com","D","14","1"
"D-14-2","Alia15@hotmail.com","D","14","2"
"D-14-20","Eveline71@gmail.com","D","14","20"
"D-14-22","Robyn48@hotmail.com","D","14","22"
"D-14-23","Ian10@hotmail.com","D","14","23"
"D-14-27","Irwin.Runolfsdottir49@hotmail.com","D","14","27"
"D-14-30","Eveline71@gmail.com","D","14","30"
"D-14-5","Percy.Steuber@gmail.com","D","14","5"
"D-14-9","Shana.Metz@hotmail.com","D","14","9"
"D-15-11","Vladimir58@yahoo.com","D","15","11"
"D-15-15","Ryder8@hotmail.com","D","15","15"
"D-15-19","Yadira.Labadie22@yahoo.com","D","15","19"
"D-15-21","Amy_Kuhn34@hotmail.com","D","15","21"
"D-15-22","Nicola22@yahoo.com","D","15","22"
"D-15-23","Mallory20@hotmail.com","D","15","23"
"D-15-7","Renee92@gmail.com","D","15","7"
"D-16-2","Robyn48@hotmail.com","D","16","2"
"D-16-22","Ashton97@hotmail.com","D","16","22"
"D-16-25","Irwin.Runolfsdottir49@hotmail.com","D","16","25"
"D-16-26","Renee92@gmail.com","D","16","26"
"D-16-27","Tyree5@gmail.com","D","16","27"
"D-16-29","Ollie.Wilderman@hotmail.com","D","16","29"
"D-16-30","Shane54@gmail.com","D","16","30"
"D-16-4","p3srs@gmail.com","D","16","4"
"D-16-7","Ryder8@hotmail.com","D","16","7"
"D-16-8","pkj@gmail.com","D","16","8"
"D-17-10","Donavon77@gmail.com","D","17","10"
"D-17-25","Hortense.Crona@gmail.com","D","17","25"
"D-17-3","p3srs@gmail.com","D","17","3"
"D-17-5","Kian24@gmail.com","D","17","5"
"D-17-8","Anabelle67@hotmail.com","D","17","8"
"D-17-9","Robyn48@hotmail.com","D","17","9"
"D-18-16","Angeline.Ankunding@gmail.com","D","18","16"
"D-18-17","Keeley.Kuhic84@yahoo.com","D","18","17"
"D-18-24","Carmella66@gmail.com","D","18","24"
"D-18-25","Paula91@yahoo.com","D","18","25"
"D-18-30","Jalon31@yahoo.com","D","18","30"
"D-18-5","Darrion_Wisoky41@hotmail.com","D","18","5"
"D-18-6","Eveline71@gmail.com","D","18","6"
"D-18-9","Vladimir58@yahoo.com","D","18","9"
"D-19-3","Irwin.Runolfsdottir49@hotmail.com","D","19","3"
"D-19-6","Darrion_Wisoky41@hotmail.com","D","19","6"
"D-2-1","Anabelle67@hotmail.com","D","2","1"
"D-2-10","Bell_Pouros-Dach2@yahoo.com","D","2","10"
"D-2-11","April39@gmail.com","D","2","11"
"D-2-18","Shane54@gmail.com","D","2","18"
"D-2-20","Donavon77@gmail.com","D","2","20"
"D-2-21","Lisandro_Armstrong59@yahoo.com","D","2","21"
"D-2-24","Shane54@gmail.com","D","2","24"
"D-2-26","Kian24@gmail.com","D","2","26"
"D-2-29","Yadira.Labadie22@yahoo.com","D","2","29"
"D-2-4","Jalon31@yahoo.com","D","2","4"
"D-2-8","Jaime.Murazik28@hotmail.com","D","2","8"
"D-20-1","Jeffrey_Olson@gmail.com","D","20","1"
"D-20-2","Mallory20@hotmail.com","D","20","2"
"D-20-20","Houston.Labadie@gmail.com","D","20","20"
"D-20-7","Tyree5@gmail.com","D","20","7"
"D-20-9","Darrion_Wisoky41@hotmail.com","D","20","9"
"D-21-12","Boris99@hotmail.com","D","21","12"
"D-21-13","Armani68@yahoo.com","D","21","13"
"D-21-22","Anabelle67@hotmail.com","D","21","22"
"D-21-23","Shaun94@gmail.com","D","21","23"
"D-21-25","Darrion_Wisoky41@hotmail.com","D","21","25"
"D-21-26","Carmella66@gmail.com","D","21","26"
"D-21-30","Onie87@hotmail.com","D","21","30"
"D-22-13","Mallory20@hotmail.com","D","22","13"
"D-22-19","Seamus79@gmail.com","D","22","19"
"D-22-21","Edwin.Bosco@gmail.com","D","22","21"
"D-22-24","Houston.Labadie@gmail.com","D","22","24"
"D-22-26","Nicola22@yahoo.com","D","22","26"
"D-22-3","Renee92@gmail.com","D","22","3"
"D-22-6","Bell_Pouros-Dach2@yahoo.com","D","22","6"
"D-23-18","Nicola22@yahoo.com","D","23","18"
"D-23-2","Earnestine.Dooley89@yahoo.com","D","23","2"
"D-23-25","Tyree5@gmail.com","D","23","25"
"D-23-28","Laverne.Schaefer@hotmail.com","D","23","28"
"D-23-29","Tyree5@gmail.com","D","23","29"
"D-23-30","Renee92@gmail.com","D","23","30"
"D-23-4","Moriah.Will73@yahoo.com","D","23","4"
"D-24-12","Alia15@hotmail.com","D","24","12"
"D-24-18","Ena_Hartmann34@gmail.com","D","24","18"
"D-24-22","Dejuan5@yahoo.com","D","24","22"
"D-24-26","Armani68@yahoo.com","D","24","26"
"D-24-8","Ian10@hotmail.com","D","24","8"
"D-25-1","Onie87@hotmail.com","D","25","1"
"D-25-10","Kian24@gmail.com","D","25","10"
"D-25-14","ketua_agen@gmail.com","D","25","14"
"D-25-2","Angeline.Ankunding@gmail.com","D","25","2"
"D-25-20","Earnestine.Dooley89@yahoo.com","D","25","20"
"D-25-24","Armani68@yahoo.com","D","25","24"
"D-25-27","Ena_Hartmann34@gmail.com","D","25","27"
"D-25-29","Ryder8@hotmail.com","D","25","29"
"D-25-5","Ryder8@hotmail.com","D","25","5"
"D-3-16","Percy.Steuber@gmail.com","D","3","16"
"D-3-22","Lisandro_Armstrong59@yahoo.com","D","3","22"
"D-3-23","p3srs@gmail.com","D","3","23"
"D-3-24","Kian24@gmail.com","D","3","24"
"D-3-28","Shana.Metz@hotmail.com","D","3","28"
"D-3-30","Tanya.Effertz-Hane@hotmail.com","D","3","30"
"D-3-5","Troy_Cruickshank@gmail.com","D","3","5"
"D-3-6","Yadira.Labadie22@yahoo.com","D","3","6"
"D-4-1","Ashton97@hotmail.com","D","4","1"
"D-4-16","Ena_Hartmann34@gmail.com","D","4","16"
"D-4-20","Robyn48@hotmail.com","D","4","20"
"D-4-21","Jalon31@yahoo.com","D","4","21"
"D-4-22","Armani68@yahoo.com","D","4","22"
"D-4-30","Nicola22@yahoo.com","D","4","30"
"D-4-4","Rory.Hane-Hayes20@hotmail.com","D","4","4"
"D-4-6","Dejuan5@yahoo.com","D","4","6"
"D-4-9","Felton.Schamberger@yahoo.com","D","4","9"
"D-5-10","Donavon77@gmail.com","D","5","10"
"D-5-13","Yadira.Labadie22@yahoo.com","D","5","13"
"D-5-14","Edwin.Bosco@gmail.com","D","5","14"
"D-5-15","Armani68@yahoo.com","D","5","15"
"D-5-16","Ian10@hotmail.com","D","5","16"
"D-5-17","Vladimir58@yahoo.com","D","5","17"
"D-5-2","Darrion_Wisoky41@hotmail.com","D","5","2"
"D-5-24","Tyree5@gmail.com","D","5","24"
"D-5-27","Ian10@hotmail.com","D","5","27"
"D-5-28","Ollie.Wilderman@hotmail.com","D","5","28"
"D-5-3","Bell_Pouros-Dach2@yahoo.com","D","5","3"
"D-5-6","Robyn48@hotmail.com","D","5","6"
"D-6-1","Anabelle67@hotmail.com","D","6","1"
"D-6-10","Paula91@yahoo.com","D","6","10"
"D-6-11","Onie87@hotmail.com","D","6","11"
"D-6-12","ketua_agen@gmail.com","D","6","12"
"D-6-2","Anabelle67@hotmail.com","D","6","2"
"D-6-22","Carmella66@gmail.com","D","6","22"
"D-6-5","Luciano.Bogan98@gmail.com","D","6","5"
"D-6-6","Houston.Labadie@gmail.com","D","6","6"
"D-7-10","Yadira.Labadie22@yahoo.com","D","7","10"
"D-7-13","April39@gmail.com","D","7","13"
"D-7-16","Ryder8@hotmail.com","D","7","16"
"D-7-19","Rory.Hane-Hayes20@hotmail.com","D","7","19"
"D-7-21","Troy_Cruickshank@gmail.com","D","7","21"
"D-7-23","Yadira.Labadie22@yahoo.com","D","7","23"
"D-7-6","Vladimir58@yahoo.com","D","7","6"
"D-7-8","Kian24@gmail.com","D","7","8"
"D-8-1","Dejuan5@yahoo.com","D","8","1"
"D-8-10","p3srs@gmail.com","D","8","10"
"D-8-11","Renee92@gmail.com","D","8","11"
"D-8-12","pkj@gmail.com","D","8","12"
"D-8-14","Tyree5@gmail.com","D","8","14"
"D-8-23","Alia15@hotmail.com","D","8","23"
"D-8-24","Dejuan5@yahoo.com","D","8","24"
"D-8-29","Jalon31@yahoo.com","D","8","29"
"D-8-3","Edwin.Bosco@gmail.com","D","8","3"
"D-8-5","Troy_Cruickshank@gmail.com","D","8","5"
"D-8-7","Shana.Metz@hotmail.com","D","8","7"
"D-8-8","Robyn48@hotmail.com","D","8","8"
"D-9-10","Felton.Schamberger@yahoo.com","D","9","10"
"D-9-13","Earnestine.Dooley89@yahoo.com","D","9","13"
"D-9-17","Eveline71@gmail.com","D","9","17"
"D-9-18","Bell_Pouros-Dach2@yahoo.com","D","9","18"
"D-9-19","Vladimir58@yahoo.com","D","9","19"
"D-9-27","Dejuan5@yahoo.com","D","9","27"
"D-9-4","Boris99@hotmail.com","D","9","4"
