"id","email","password","nib","role","name","created_at"
"1","Yadira.Labadie22@yahoo.com","oe4eaGaBLpQv76y","7265156730941","agen","Ken Moen I","2025-12-08 19:13:05"
"2","Robyn48@hotmail.com","UhoFvefkUMB44Cj","2780507136169","agen","Dr. Jared Lind","2025-12-08 19:13:05"
"3","Felton.Schamberger@yahoo.com","Jf5D9lZJIGVf011","1335352760668","agen","Rosemarie Gibson","2025-12-08 19:13:05"
"4","Moriah.Will73@yahoo.com","DYPYEZs_Zh17IjQ","8262239232540","agen","Beatrice Kuvalis","2025-12-08 19:13:05"
"5","Edwin.Bosco@gmail.com","1gcfQuFUGjUATHy","0812791286949","agen","Marlene Dare","2025-12-08 19:13:05"
"6","Mallory20@hotmail.com","fdpWKu9NiTOWG4y","3182992546357","agen","Dr. Julius Blick","2025-12-08 19:13:05"
"7","Shane54@gmail.com","dw4ailX6972S2Oi","8153166416529","agen","Kristi Funk","2025-12-08 19:13:05"
"8","Darrion_Wisoky41@hotmail.com","XqfTdTWzeytVyVf","1760844161360","agen","Kim Monahan","2025-12-08 19:13:05"
"9","Hortense.Crona@gmail.com","ISux9IRrmo4gAKK","7972011908744","agen","Brandon Johns MD","2025-12-08 19:13:05"
"10","Lisandro_Armstrong59@yahoo.com","77noadwimKq4gc0","0740897267005","agen","Freda Balistreri DDS","2025-12-08 19:13:05"
"11","Jalon31@yahoo.com","N7n2Wbmbnl2hHpa","1805353505093","agen","Anita Johnson","2025-12-08 19:13:05"
"12","Eveline71@gmail.com","b9sQCS60UnfejWj","4907566739300","agen","Rene Sipes","2025-12-08 19:13:05"
"13","Ian10@hotmail.com","4stKe7coPeyFwtO","2998531683311","agen","Susie Kunze","2025-12-08 19:13:05"
"14","Boris99@hotmail.com","P41AnQYgqAX4hXh","8815711561529","agen","Gilberto Ankunding","2025-12-08 19:13:05"
"15","Angeline.Ankunding@gmail.com","9scDdGKDjwTLHpB","7534958665060","agen","Ms. Shannon Swaniawski","2025-12-08 19:13:05"
"16","Irwin.Runolfsdottir49@hotmail.com","CE3QJ2pFgA5agFE","3594562879559","agen","Dewey Roob IV","2025-12-08 19:13:05"
"17","Ryder8@hotmail.com","0LH3PHHH6lvetsw","0106024086023","agen","Dr. Kenneth O'Conner","2025-12-08 19:13:05"
"18","Houston.Labadie@gmail.com","0_oalM3lGbpq6ag","0506817640135","agen","Edgar Skiles","2025-12-08 19:13:05"
"19","Ollie.Wilderman@hotmail.com","e2CwYzJmpG1DSoA","6739411965518","agen","Diane Klein Sr.","2025-12-08 19:13:05"
"20","April39@gmail.com","5pAVbO2vt_ZRq0J","1605335878620","agen","Joann Larson I","2025-12-08 19:13:05"
"21","Troy_Cruickshank@gmail.com","0xOnNstChT0hwri","4728209758549","agen","Ida Pfannerstill","2025-12-08 19:13:05"
"22","Keeley.Kuhic84@yahoo.com","T1M6ndLACBbC6tL","6342018143702","agen","Dr. Brandy Hilll","2025-12-08 19:13:05"
"23","Laverne.Schaefer@hotmail.com","p72omKupBZO3PoP","7895326642280","agen","Felicia Gerlach","2025-12-08 19:13:05"
"24","Paula91@yahoo.com","eOSs3ngW3nqongT","6460319420164","agen","Tamara Quitzon","2025-12-08 19:13:05"
"25","Ashton97@hotmail.com","pvzTJ_yzYv206zh","1411369900511","agen","Toby Stoltenberg","2025-12-08 19:13:05"
"26","Amy_Kuhn34@hotmail.com","uXYvkIe0UvvZYFc","2635285363013","agen","Mike Macejkovic","2025-12-08 19:13:05"
"27","Shana.Metz@hotmail.com","9TatZ8AmKV11x9W","7552006137827","agen","Sidney Medhurst","2025-12-08 19:13:05"
"28","Nicola22@yahoo.com","iDPHdHczVNWNaKD","2876008868750","agen","Mable Hand","2025-12-08 19:13:05"
"29","Kian24@gmail.com","a3RTHdVJksbw0Sw","5200604768137","agen","Amelia Abshire","2025-12-08 19:13:05"
"30","Renee92@gmail.com","HriJvYMMA3qkjT_","1118055138711","agen","Tomas Hayes","2025-12-08 19:13:05"
"31","Seamus79@gmail.com","bPI3NzWf1QLvyTj","7044034611296","agen","Rudy Zieme","2025-12-08 19:13:05"
"32","Percy.Steuber@gmail.com","7m44Mm9_oNc_bwp","9056188271518","agen","Benjamin Berge","2025-12-08 19:13:05"
"33","Alia15@hotmail.com","w_hr65Cuiokj33Y","2404368670195","agen","Martha Hessel","2025-12-08 19:13:05"
"34","Anabelle67@hotmail.com","b8qOrRZ7XmtEqIi","1899712619358","agen","Daniel Waelchi","2025-12-08 19:13:05"
"35","Earnestine.Dooley89@yahoo.com","3iJZXXLRFdX5T3_","8033112722495","agen","Jeremy Runte-Erdman","2025-12-08 19:13:05"
"36","Armani68@yahoo.com","STKHreePJe8xT0Q","2234029477559","agen","Vivian Altenwerth","2025-12-08 19:13:05"
"37","Shaun94@gmail.com","j9D723ipIhuGan4","7567936323493","agen","Tammy Rosenbaum PhD","2025-12-08 19:13:05"
"38","Jeffrey_Olson@gmail.com","vGlKzOUMFsdzzTO","9519062616943","agen","Terri Huel","2025-12-08 19:13:05"
"39","Vladimir58@yahoo.com","YUy2XzwsGwNRi5h","4674762547882","agen","Tabitha Beahan","2025-12-08 19:13:05"
"40","Carmella66@gmail.com","TZT7FGhZvcGzkNo","3599955414621","agen","Terrence Ziemann","2025-12-08 19:13:05"
"41","Tanya.Effertz-Hane@hotmail.com","2qj3ucmTes0Y8wY","0189617306172","agen","Miss Ernestine Emmerich","2025-12-08 19:13:05"
"42","Jaime.Murazik28@hotmail.com","tm1NP0vmNdyljUL","7881981624258","agen","Lucy Gutmann","2025-12-08 19:13:05"
"43","Tyree5@gmail.com","V4_m3CcJPoSJdSA","9473276541166","agen","Lori Bogisich","2025-12-08 19:13:05"
"44","Rory.Hane-Hayes20@hotmail.com","2tHpNNs3WfSpXbw","3881379692279","agen","Barry Bernier","2025-12-08 19:13:05"
"45","Donavon77@gmail.com","9gGFZxpv2ZNdG3O","5859700365021","agen","Kristie Reichert","2025-12-08 19:13:05"
"46","Onie87@hotmail.com","yxosxdU3_jRe20P","1458868276099","agen","Mabel West","2025-12-08 19:13:05"
"47","Ena_Hartmann34@gmail.com","oQES9pZxkfcmNHO","4843344965537","agen","Kristie Haley","2025-12-08 19:13:05"
"48","Bell_Pouros-Dach2@yahoo.com","bMwpSqHMdNzTplz","9642323399320","agen","Ray Schroeder","2025-12-08 19:13:05"
"49","Luciano.Bogan98@gmail.com","kApSoum7_WsCRmT","2089990908336","agen","Paulette Breitenberg","2025-12-08 19:13:05"
"50","Dejuan5@yahoo.com","FeTWTwoalbSwU4p","6676689762680","agen","Dr. Emilio Halvorson PhD","2025-12-08 19:13:05"
"51","ketua_agen@gmail.com","$2a$12$gi8waPwYFYunLlAaLavLZ.yp1t/DAe8NuC7a1kDrOr3x6Wnf7PGre",,"ketua agen","ketua","2025-10-04 18:25:32"
"52","p3srs@gmail.com","$2a$12$pd0wjRxHx9NzMAtGznOlre7oAZKrJgGsKMabk8VEkmSwA0vOGt6Xy",,"p3srs","p3srs","2025-10-04 18:40:28"
"53","pkj@gmail.com","$2a$12$1N5x3qJ0ojNC7hz7HOh2RujSBLrpI/WrM4Z05dLDsn97Hl1qUpzhq",,"pkj","pkj","2025-10-04 18:40:28"
"54","123@123.com","$2b$10$Wf7zZjRyYfPH7F9yGGpHueRG/TdUkVCshUPos4HWjBsJChytIBtf2","1234567891234","agen","123@123.com","2025-12-08 19:15:42"
