"id","rental_id","photo_url","description","uploaded_by","created_at"
"1","233","https://picsum.photos/seed/u717oX/983/2412","Crepusculum torrens vomica atque rem.","Lisandro_Armstrong59@yahoo.com","2025-12-08 19:13:07"
"2","7182","https://picsum.photos/seed/0cZJtXQ/243/249","Inventore articulus corrumpo pax clamo abstergo adamo audacia urbs beneficium.","Ollie.Wilderman@hotmail.com","2025-12-08 19:13:07"
"3","9117","https://picsum.photos/seed/Pl0nan/3034/2819","Nostrum desino comitatus debilito perferendis conforto.","Angeline.Ankunding@gmail.com","2025-12-08 19:13:07"
"4","8582","https://picsum.photos/seed/LKFORW1qWE/3127/725","Tremo accedo aegre votum adhuc aveho vilicus vetus.","Shaun94@gmail.com","2025-12-08 19:13:07"
"5","4165","https://picsum.photos/seed/dkpBkZPg/336/1118","Comminor vis thorax absum.","Irwin.Runolfsdottir49@hotmail.com","2025-12-08 19:13:07"
"6","858","https://picsum.photos/seed/7Xaw1/2470/2000","Vix conatus reprehenderit cimentarius deludo cotidie.","Ashton97@hotmail.com","2025-12-08 19:13:07"
"7","7683","https://picsum.photos/seed/xm3wmS94/1425/1046","Vicinus temperantia comis aestivus illum quibusdam.","p3srs@gmail.com","2025-12-08 19:13:07"
"8","2961","https://picsum.photos/seed/BHNiECx7/1795/3374","Valens auxilium voco comitatus agnitio cum desolo vir reprehenderit.","Seamus79@gmail.com","2025-12-08 19:13:07"
"9","8772","https://picsum.photos/seed/UBIPAnaQ0/1600/1204","Terra desidero comptus sui.","Alia15@hotmail.com","2025-12-08 19:13:07"
"10","9040","https://picsum.photos/seed/LC55s/2214/14","Celer valde ventosus demergo dapifer iusto delectatio tam.","Ollie.Wilderman@hotmail.com","2025-12-08 19:13:07"
"11","2231","https://picsum.photos/seed/tpq5rgvESI/2138/1468","Succedo uterque abbas textus provident quas sublime omnis ver.","ketua_agen@gmail.com","2025-12-08 19:13:07"
"12","5866","https://picsum.photos/seed/FNzcIegwt/3672/3420","Speculum allatus arbustum.","Shane54@gmail.com","2025-12-08 19:13:07"
"13","5976","https://picsum.photos/seed/PDkIh/3314/2376","Comparo cruentus tracto desidero magnam quia deduco conitor.","Laverne.Schaefer@hotmail.com","2025-12-08 19:13:07"
"14","3207","https://picsum.photos/seed/mnwiA/3265/2388","Sol quas coniuratio voro.","Angeline.Ankunding@gmail.com","2025-12-08 19:13:07"
"15","8537","https://picsum.photos/seed/6FlAJP/3614/2150","Uberrime caries deporto canto quod corrumpo.","Yadira.Labadie22@yahoo.com","2025-12-08 19:13:07"
"16","6241","https://picsum.photos/seed/nJwpLNAu/968/585","Vel cogito civitas tam bestia degero subnecto appono vir.","Hortense.Crona@gmail.com","2025-12-08 19:13:07"
"17","3902","https://picsum.photos/seed/VYwq8z1b/2172/1758","Cohibeo theatrum esse aetas appono vos cursim spero cursim corporis.","Keeley.Kuhic84@yahoo.com","2025-12-08 19:13:07"
"18","4165","https://picsum.photos/seed/HPHIu/1191/230","Tempore addo aduro neque.","Keeley.Kuhic84@yahoo.com","2025-12-08 19:13:07"
"19","6110","https://picsum.photos/seed/HY7TN9i/2821/3211","Appositus defessus consectetur vilitas speciosus capio trans.","Luciano.Bogan98@gmail.com","2025-12-08 19:13:07"
"20","9844","https://picsum.photos/seed/ewuI5SAY/2710/2107","Cunctatio cerno ratione absconditus tolero torrens.","Tanya.Effertz-Hane@hotmail.com","2025-12-08 19:13:07"
